Name,Links,Review_Count,Region
      1. Hana Riverside Villa,/Hotel_Review-g651661-d14775963-Reviews-Hana_Riverside_Villa-Quang_Ngai_Quang_Ngai_Province.html,7,Quang Ngai
      2. Cocoland River Beach Resort & Spa,/Hotel_Review-g651661-d17793639-Reviews-Cocoland_River_Beach_Resort_Spa-Quang_Ngai_Quang_Ngai_Province.html,11,Quang Ngai
      3. Thanh Lich Guesthouse,/Hotel_Review-g651661-d12236581-Reviews-Thanh_Lich_Guesthouse-Quang_Ngai_Quang_Ngai_Province.html,55,Quang Ngai
      4. Sa Huynh Beach Resort,/Hotel_Review-g651661-d3795016-Reviews-Sa_Huynh_Beach_Resort-Quang_Ngai_Quang_Ngai_Province.html,43,Quang Ngai
      5. Cam Thanh Hotel,/Hotel_Review-g651661-d8467294-Reviews-Cam_Thanh_Hotel-Quang_Ngai_Quang_Ngai_Province.html,12,Quang Ngai
      6. Dlgl - Dung Quat Hotel,/Hotel_Review-g651661-d3197121-Reviews-Dlgl_Dung_Quat_Hotel-Quang_Ngai_Quang_Ngai_Province.html,18,Quang Ngai
      7. Muong Thanh Holiday Ly Son,/Hotel_Review-g651661-d10619059-Reviews-Muong_Thanh_Holiday_Ly_Son-Quang_Ngai_Quang_Ngai_Province.html,52,Quang Ngai
      8. Binh Yen Hotel,/Hotel_Review-g651661-d13374321-Reviews-Binh_Yen_Hotel-Quang_Ngai_Quang_Ngai_Province.html,3,Quang Ngai
      9. My My Hotel,/Hotel_Review-g651661-d13074735-Reviews-My_My_Hotel-Quang_Ngai_Quang_Ngai_Province.html,1,Quang Ngai
      10. Hamya Hotsprings And Resort,/Hotel_Review-g651661-d16720218-Reviews-Hamya_Hotsprings_And_Resort-Quang_Ngai_Quang_Ngai_Province.html,2,Quang Ngai
      11. King Hotel,/Hotel_Review-g651661-d14779237-Reviews-King_Hotel-Quang_Ngai_Quang_Ngai_Province.html,2,Quang Ngai
      12. Mins House Homestay,/Hotel_Review-g651661-d17325080-Reviews-Mins_House_Homestay-Quang_Ngai_Quang_Ngai_Province.html,2,Quang Ngai
      13. My Khe Hotel,/Hotel_Review-g651661-d6827757-Reviews-My_Khe_Hotel-Quang_Ngai_Quang_Ngai_Province.html,10,Quang Ngai
      14. Riverside Villa,/Hotel_Review-g651661-d12250132-Reviews-Riverside_Villa-Quang_Ngai_Quang_Ngai_Province.html,6,Quang Ngai
      15. ADA Hotel,/Hotel_Review-g651661-d13910542-Reviews-ADA_Hotel-Quang_Ngai_Quang_Ngai_Province.html,1,Quang Ngai
      16. Phu Loc Motel,/Hotel_Review-g651661-d12486551-Reviews-Phu_Loc_Motel-Quang_Ngai_Quang_Ngai_Province.html,1,Quang Ngai
      17. Nha Nghi Sao Mai,/Hotel_Review-g651661-d17511865-Reviews-Nha_Nghi_Sao_Mai-Quang_Ngai_Quang_Ngai_Province.html,1,Quang Ngai
      18. Hoa Phat Dung Quat Hotel,/Hotel_Review-g651661-d15239293-Reviews-Hoa_Phat_Dung_Quat_Hotel-Quang_Ngai_Quang_Ngai_Province.html,1,Quang Ngai
      19. Gia Thanh Dat Hotel,/Hotel_Review-g651661-d15239720-Reviews-Gia_Thanh_Dat_Hotel-Quang_Ngai_Quang_Ngai_Province.html,2,Quang Ngai
      20. Sa Huynh Hotel,/Hotel_Review-g651661-d8665849-Reviews-Sa_Huynh_Hotel-Quang_Ngai_Quang_Ngai_Province.html,1,Quang Ngai
      21. TURI STAYpoint,/Hotel_Review-g651661-d20372395-Reviews-TURI_STAYpoint-Quang_Ngai_Quang_Ngai_Province.html,1,Quang Ngai
      22. Petrosetco Tower Hotel,/Hotel_Review-g651661-d3199386-Reviews-Petrosetco_Tower_Hotel-Quang_Ngai_Quang_Ngai_Province.html,10,Quang Ngai
      23. My Tra Riverside Hotel,/Hotel_Review-g651661-d3223977-Reviews-My_Tra_Riverside_Hotel-Quang_Ngai_Quang_Ngai_Province.html,24,Quang Ngai
      24. Dai Thanh 1 Motel,/Hotel_Review-g651661-d12964884-Reviews-Dai_Thanh_1_Motel-Quang_Ngai_Quang_Ngai_Province.html,4,Quang Ngai
      25. Petro Song Tra Hotel,/Hotel_Review-g651661-d2420841-Reviews-Petro_Song_Tra_Hotel-Quang_Ngai_Quang_Ngai_Province.html,5,Quang Ngai
      26. Thien An Riverside Hotel,/Hotel_Review-g651661-d8353005-Reviews-Thien_An_Riverside_Hotel-Quang_Ngai_Quang_Ngai_Province.html,16,Quang Ngai
      27. Hung Vuong Hotel,/Hotel_Review-g651661-d4200312-Reviews-Hung_Vuong_Hotel-Quang_Ngai_Quang_Ngai_Province.html,5,Quang Ngai
      28. Central Hotel,/Hotel_Review-g651661-d645796-Reviews-Central_Hotel-Quang_Ngai_Quang_Ngai_Province.html,53,Quang Ngai
      29. Hoang Dung Quang Ngai Motel,/Hotel_Review-g651661-d14001344-Reviews-Hoang_Dung_Quang_Ngai_Motel-Quang_Ngai_Quang_Ngai_Province.html,1,Quang Ngai
      30. Ngoc Huong Hotel,/Hotel_Review-g651661-d8699466-Reviews-Ngoc_Huong_Hotel-Quang_Ngai_Quang_Ngai_Province.html,17,Quang Ngai